{
    "tagId": "69b71d79",
    "scannedAt": {
        "timeInMillis": 1566946567961,
        "tz": "UNKNOWN"
    },
    "iso7816": {
        "applications": [
            ["cepas", {
                    "generic": {
                    },
                    "purses": {
                        "3": "0010831050000000000000000000000000000000000000000000000000000000000000000000000000000000000000000000000000000000000000000000000000000000000000000000000000000000000000000000000000000000000000"
                    },
                    "histories": {
                    }
                }
            ]
        ]
    }
}
