{
    "tagId": "04104104104104",
    "scannedAt": {
        "timeInMillis": 1566631671807,
        "tz": "UNKNOWN"
    },
    "mifareDesfire": {
        "manufacturingData": "04104104104104104104104104104104104104104104104104104104",
        "applications": {
            "1319151": {
                "files": {
                    "0": {
                        "settings": "010110e10a0000",
                        "data": "00000000000200000000"
                    },
                    "1": {
                        "settings": "010110e1230000",
                        "data": "0000000000000000000000000000000000000000000000000000000000000000000000"
                    },
                    "2": {
                        "settings": "010110e10d0000",
                        "data": "00000000000000000000000000"
                    },
                    "3": {
                        "settings": "010110e12d0000",
                        "data": "000000000000000000000000000000000000000000000000000000000000000000000000000000000000000000"
                    },
                    "4": {
                        "settings": "040110e10c0000080000070000",
                        "data": "000000000000000000000000000000000000000000000000000000000000000000000000000000000000000000000000000000000000000000000000000000000000000000000000000000000000000000000000"
                    },
                    "5": {
                        "settings": "010010ed0c0000",
                        "data": "000000000000000000000000"
                    },
                    "8": {
                        "settings": "000100e00b0000",
                        "data": "0000000000000000000000"
                    },
                    "9": {
                        "settings": "01031011150000",
                        "data": null,
                        "error": "Authentication error",
                        "isUnauthorized": true
                    },
                    "10": {
                        "settings": "01011011060000",
                        "data": null,
                        "error": "Authentication error",
                        "isUnauthorized": true
                    }
                }
            }
        }
    }
}
