{
    "tagId": "6dc75e7e08628e",
    "scannedAt": {
        "timeInMillis": 1566832110993,
        "tz": "UNKNOWN"
    },
    "mifareUltralight": {
        "pages": [
            {
                "data": "6dc75e7e"
            },
            {
                "data": "8628e496"
            },
            {
                "data": "00000000"
            },
            {
                "data": "00000000"
            },
            {
                "data": "00000000"
            },
            {
                "data": "00000000"
            },
            {
                "data": "00000000"
            },
            {
                "data": "00000000"
            },
            {
                "data": "00000000"
            },
            {
                "data": "00000000"
            },
            {
                "data": "00000000"
            },
            {
                "data": "00000000"
            },
            {
                "data": "00000000"
            },
            {
                "data": "00000000"
            },
            {
                "data": "00000000"
            },
            {
                "data": "00000000"
            }
        ]
    }
}
